Username;Password;FullName
Pablo;Mdp123;Juan Pablo Quintero Torres
Mary;Mdp124;Maryana Ferreira Torres Nascimento
Herve;Mdp126;Herve Nitanga
Aris;Mdp127;Aris Kontogiannis
Remi;Mdp128;Remi Junius
Eli;Mdp129;Elisei Ghidiu
Taoufik;Mdp130;Taoufik Sabek
Emeric;Mdp131;Emeric Panevel
Faiz;Mdp132;Faiz Karim
